-- ProblemSet 01, July <31> <2018>
-- Submission by <sudharsankumaresan@accenture.com> 

CREATE TABLE HOTEL(HOTEL_NO VARCHAR(10) PRIMARY KEY,NAME CHAR(20),CITY CHAR(20));
INSERT INTO HOTEL VALUES("H111","EMPIRE HOTEL","NEW YORK");
INSERT INTO HOTEL VALUES("H235","PARK PLACE","NEW YORK");
INSERT INTO HOTEL VALUES("H432","BROWNSTONE HOTEL","TORONTO");
INSERT INTO HOTEL VALUES("H498","JAMES PLAZA","TORONTO");
INSERT INTO HOTEL VALUES("H193","DEVON HOTEL","BOSTON");
INSERT INTO HOTEL VALUES("H437","CLAIRMONT HOTEL","BOSTON");

CREATE TABLE ROOM(ROOM_NO NUMBER PRIMARY KEY,HOTEL_NO VARCHAR(20) REFERENCES HOTEL(HOTEL_NO),TYPE CHAR(10),PRICE NUMBER);
INSERT INTO ROOM VALUES(313,'H111','S',145.00);
INSERT INTO ROOM VALUES(412,'H111','N',145.00);
INSERT INTO ROOM VALUES(1267,'H235','N',175.00);
INSERT INTO ROOM VALUES(1289,'H235','N',195.00);
INSERT INTO ROOM VALUES(876,'H432','S',124.00);
INSERT INTO ROOM VALUES(898,'H432','S',124.00);
INSERT INTO ROOM VALUES(345,'H498','N',160.00);
INSERT INTO ROOM VALUES(467,'H498','N',180.00);
INSERT INTO ROOM VALUES(1001,'H193','S',150.00);
INSERT INTO ROOM VALUES(1201,'H193','N',175.00);
INSERT INTO ROOM VALUES(257,'H437','N',140.00);

CREATE TABLE GUEST(GUEST_NO VARCHAR(20) PRIMARY KEY,NAME CHAR(20),CITY CHAR(20));
INSERT INTO GUEST VALUES('G256','ADAM WAYNE','PITTSBURGH');
INSERT INTO GUEST VALUES('G367','TARA CUMMINGS','BALTIMORE');
INSERT INTO GUEST VALUES('G879','VANESSA PARRY','PITTSBURGH');
INSERT INTO GUEST VALUES('G230','TOM HANCOCK','PHILADELPHIA');
INSERT INTO GUEST VALUES('G467','ROBERT SWIFT','ATLANTA');
INSERT INTO GUEST VALUES('G190','EDWARD CANE','BALTIMORE');

CREATE TABLE BOOKING(HOTEL_NO VARCHAR(10) REFERENCES ROOM(ROOM_NO),GUEST_NO VARCHAR(20) REFERENCES GUEST(GUEST_NO),DATE_FROM VARCHAR(20),DATE_TO VARCHAR(20),ROOM_NO REFERENCES ROOM(ROOM_NO),CONSTRAINT PK PRIMARY KEY(DATE_FROM,DATE_TO));
INSERT INTO BOOKING VALUES('H111','G256','10-AUG-99','15-AUG-99',412);
INSERT INTO BOOKING VALUES('H111','G367','18-AUG-99','21-AUG-99',412);
INSERT INTO BOOKING VALUES('H235','G879','05-SEP-99','12-SEP-99',1267);
INSERT INTO BOOKING VALUES('H498','G230','15-SEP-99','18-SEP-99',467);
INSERT INTO BOOKING VALUES('H498','G256','30-NOV-99','02-DEC-99',345);
INSERT INTO BOOKING VALUES('H498','G467','03-NOV-99','02-NOV-99',345);
INSERT INTO BOOKING VALUES('H193','G190','15-NOV-99','19-NOV-99',1001);
INSERT INTO BOOKING VALUES('H193','G367','12-SEP-99','14-SEP-99',1001);
INSERT INTO BOOKING VALUES('H193','G367','01-OCT-99','06-OCT-99',1201);
INSERT INTO BOOKING VALUES('H437','G190','04-OCT-99','06-OCT-99',223);
INSERT INTO BOOKING VALUES('H437','G879','14-SEP-99','17-SEP-99',223);

1.List full details of all hotels.

SELECT *FROM HOTEL H INNER JOIN ROOM R ON H.HOTEL_NO=R.HOTEL_NO;
4
H111|EMPIRE HOTEL|NEW YORK|313|H111|S|145
H111|EMPIRE HOTEL|NEW YORK|412|H111|N|145
H235|PARK PLACE|NEW YORK|1267|H235|N|175
H235|PARK PLACE|NEW YORK|1289|H235|N|195
H432|BROWNSTONE HOTEL|TORONTO|876|H432|S|124
H432|BROWNSTONE HOTEL|TORONTO|898|H432|S|124
H498|JAMES PLAZA|TORONTO|345|H498|N|160
H498|JAMES PLAZA|TORONTO|467|H498|N|180
H193|DEVON HOTEL|BOSTON|1001|H193|S|150
H193|DEVON HOTEL|BOSTON|1201|H193|N|175
H437|CLAIRMONT HOTEL|BOSTON|257|H437|N|140
H437|CLAIRMONT HOTEL|BOSTON|223|H437|N|155
 
 Record Count=12

 
2.List full details of all hotels in New York.

SELECT *FROM HOTEL H INNER JOIN ROOM R ON H.HOTEL_NO=R.HOTEL_NO WHERE CITY='NEW YORK';

H111|EMPIRE HOTEL|NEW YORK|313|H111|S|145
H111|EMPIRE HOTEL|NEW YORK|412|H111|N|145
H235|PARK PLACE|NEW YORK|1267|H235|N|175
H235|PARK PLACE|NEW YORK|1289|H235|N|195

Record Count=4


3.List the names and cities of all guests, ordered according to their cities.

SELECT NAME,CITY FROM GUEST ORDER BY CITY;

ROBERT SWIFT|ATLANTA
TARA CUMMINGS|BALTIMORE
EDWARD CANE|BALTIMORE
TOM HANCOCK|PHILADELPHIA
ADAM WAYNE|PITTSBURGH
VANESSA PARRY|PITTSBURGH

Record Count=6

4.List all details for non-smoking rooms in ascending order of price.

SELECT *FROM ROOM WHERE TYPE='N'ORDER BY PRICE;

257|H437|N|140
412|H111|N|145
223|H437|N|155
345|H498|N|160
1267|H235|N|175
1201|H193|N|175
467|H498|N|180
1289|H235|N|195

Record Count=8

5.List the number of hotels there are.

SELECT COUNT(HOTEL_NO) FROM HOTEL;

6

Record Count=1

6.List the cities in which guests live. Each city should be listed only once.

SELECT DISTINCT(CITY) FROM GUEST;

PITTSBURGH
BALTIMORE
PHILADELPHIA
ATLANTA

Record Count=4


7.List the average price of a room.

 SELECT AVG(PRICE) FROM ROOM;
 
155.666666666667

Record Count=1

8.List hotel names, their room numbers, and the type of that room.

SELECT NAME,ROOM_NO,TYPE FROM HOTEL H INNER JOIN ROOM R ON H.HOTEL_NO=R.HOTEL_NO;

EMPIRE HOTEL|313|S
EMPIRE HOTEL|412|N
PARK PLACE|1267|N
PARK PLACE|1289|N
BROWNSTONE HOTEL|876|S
BROWNSTONE HOTEL|898|S
JAMES PLAZA|345|N
JAMES PLAZA|467|N
DEVON HOTEL|1001|S
DEVON HOTEL|1201|N
CLAIRMONT HOTEL|257|N
CLAIRMONT HOTEL|223|N

Record Count=12

9.List the hotel names, booking dates, and room numbers for all hotels in New York.

SELECT NAME,DATE_FROM,DATE_TO,ROOM_NO FROM HOTEL H INNER JOIN BOOKING B ON H.HOTEL_NO=B.HOTEL_NO WHERE CITY='NEW YORK';

EMPIRE HOTEL|10-AUG-99|15-AUG-99|412
EMPIRE HOTEL|18-AUG-99|21-AUG-99|412
PARK PLACE|05-SEP-99|12-SEP-99|1267

Record Count=3

10.What is the number of bookings that started in the month of September?

SELECT DATE_FROM FROM BOOKING WHERE  DATE_FROM LIKE '__-SEP-99';

05-SEP-99
12-SEP-99
14-SEP-99
15-SEP-99

Record Count=4

11.List the names and cities of guests who began a stay in New York in August.

SELECT NAME,CITY FROM GUEST G INNER JOIN BOOKING B ON G.GUEST_NO=B.GUEST_NO WHERE HOTEL_NO=(SELECT HOTEL_NO FROM HOTEL WHERE CITY='NEW YORK') AND DATE_FROM LIKE '__-AUG-99';

ADAM WAYNE|PITTSBURGH
TARA CUMMINGS|BALTIMORE

Record Count=2


12.List the hotel names and room numbers of any hotel rooms that have not been booked.

SELECT NAME,ROOM_NO FROM HOTEL H INNER JOIN ROOM R ON H.HOTEL_NO=R.HOTEL_NO WHERE ROOM_NO NOT IN(SELECT ROOM_NO FROM BOOKING);

EMPIRE HOTEL|313
PARK PLACE|1289
BROWNSTONE HOTEL|876
BROWNSTONE HOTEL|898
CLAIRMONT HOTEL|257

Record Count=5


13.List the hotel name and city of the hotel with the highest priced room.

SELECT H.HOTEL_NO,NAME,CITY FROM HOTEL H INNER JOIN ROOM R ON H.HOTEL_NO=R.HOTEL_NO  WHERE PRICE=(SELECT MAX(PRICE) FROM ROOM);

H235|PARK PLACE|NEW YORK

Record Count=1

14.List hotel names, room numbers, cities, and prices for hotels that have rooms with prices lower than the lowest priced room in a Boston hotel.

SELECT NAME,ROOM_NO,CITY,PRICE FROM ROOM R INNER JOIN HOTEL H ON R.HOTEL_NO=H.HOTEL_NO WHERE PRICE<(SELECT MIN(PRICE) FROM ROOM R INNER JOIN HOTEL H ON R.HOTEL_NO=H.HOTEL_NO WHERE CITY='BOSTON');

BROWNSTONE HOTEL|876|TORONTO|124
BROWNSTONE HOTEL|898|TORONTO|124

Record Count=2

15.List the average price of a room grouped by city.

SELECT AVG(PRICE),H.CITY FROM HOTEL H INNER JOIN ROOM R ON H.HOTEL_NO=R.HOTEL_NO GROUP BY CITY ;

155.0|BOSTON
165.0|NEW YORK
147.0|TORONTO

Record Count=3




